exampleNR,desired,cost
1,[0. 0. 1. 0. 0. 0. 0. 0. 0. 0.],0.9960609497475185
2,[1. 0. 0. 0. 0. 0. 0. 0. 0. 0.],0.8307131718542876
3,[0. 0. 0. 0. 0. 0. 0. 0. 1. 0.],1.0408198097985968
4,[0. 0. 0. 0. 0. 1. 0. 0. 0. 0.],0.9811008425949478
