exampleNR,desired,cost
1,[0. 0. 0. 0. 0. 0. 1. 0. 0. 0.],2.993219516761246
2,[0. 0. 0. 0. 0. 0. 0. 0. 1. 0.],2.205098150104746
3,[0. 0. 0. 0. 0. 0. 0. 1. 0. 0.],2.6589870014179184
4,[0. 0. 0. 0. 0. 0. 0. 1. 0. 0.],2.6730711485840795
