layerIndex,numberOfNodes
0,2
1,3
2,2
activations
layerIndex,nodeIndex,activation
0,0,3
0,1,5
1,0,0.03888368115313221
1,1,0.7645998118248035
1,2,0.02266731061006266
2,0,0.7211871670407708
2,1,0.5144399238433308
biases
layerIndex,nodeIndex,bias
0,0,-0.42076335767453066
0,1,0.013747069913116361
0,2,-0.22861684606087063
1,0,0.5681510222737967
1,1,0.5564303056609319
weights
layerIndex,rowIndex,columnIndex,weight
0,0,0,-0.08895393646723737
0,0,1,-0.5039791237954554
0,1,0,-0.7658018592228679
0,1,1,0.6923448177395435
0,2,0,-0.27909194378968416
0,2,1,-0.5396021225316794
1,0,0,-0.7757315407136351
1,0,1,0.5136189142782288
1,0,2,0.8672109774018995
1,1,0,0.29406583360699257
1,1,1,-0.6931125618840364
1,1,2,0.8763645783151364
